{
  "fileScopedDeclarationPrivacy" : {
    "accessLevel" : "private"
  },
  "indentation" : {
    "spaces" : 2
  },
  "indentConditionalCompilationBlocks" : true,
  "indentSwitchCaseLabels" : false,
  "lineBreakAroundMultilineExpressionChainComponents" : false,
  "lineBreakBeforeControlFlowKeywords" : false,
  "lineBreakBeforeEachArgument" : false,
  "lineBreakBeforeEachGenericRequirement" : false,
  "lineLength" : 100,
  "maximumBlankLines" : 1,
  "prioritizeKeepingFunctionOutputTogether" : false,
  "respectsExistingLineBreaks" : true,
  "rules" : {
    "AllPublicDeclarationsHaveDocumentation" : false,
    "AlwaysUseLowerCamelCase" : true,
    "AmbiguousTrailingClosureOverload" : true,
    "BeginDocumentationCommentWithOneLineSummary" : true,
    "DoNotUseSemicolons" : true,
    "DontRepeatTypeInStaticProperties" : true,
    "FileScopedDeclarationPrivacy" : true,
    "FullyIndirectEnum" : true,
    "GroupNumericLiterals" : true,
    "IdentifiersMustBeASCII" : true,
    "NeverForceUnwrap" : false,
    "NeverUseForceTry" : false,
    "NeverUseImplicitlyUnwrappedOptionals" : false,
    "NoAccessLevelOnExtensionDeclaration" : true,
    "NoAssignmentInExpressions" : true,
    "NoBlockComments" : true,
    "NoCasesWithOnlyFallthrough" : true,
    "NoEmptyTrailingClosureParentheses" : true,
    "NoLabelsInCasePatterns" : true,
    "NoLeadingUnderscores" : false,
    "NoParensAroundConditions" : true,
    "NoVoidReturnOnFunctionSignature" : true,
    "OneCasePerLine" : true,
    "OneVariableDeclarationPerLine" : true,
    "OnlyOneTrailingClosureArgument" : true,
    "OrderedImports" : true,
    "ReturnVoidInsteadOfEmptyTuple" : true,
    "UseEarlyExits" : false,
    "UseLetInEveryBoundCaseVariable" : false,
    "UseShorthandTypeNames" : true,
    "UseSingleLinePropertyGetter" : true,
    "UseSynthesizedInitializer" : true,
    "UseTripleSlashForDocumentationComments" : true,
    "UseWhereClausesInForLoops" : false,
    "ValidateDocumentationComments" : false
  },
  "spacesAroundRangeFormationOperators" : true,
  "tabWidth" : 8,
  "version" : 1
}
